"CF1 X","CF1 Y","CF7 X","CF7 Y","CF10 X","CF10 Y"
0.7623599243164062,-0.42373004150390625,-0.79500439453125,-0.7891116333007813,1.0084157104492188,0.6328011474609375
0.7623642578125,-0.4237179260253906,-0.7950286254882812,-0.7891148681640625,1.0083990478515625,0.6327725219726562
0.7623447875976562,-0.4237267150878906,-0.7950175170898437,-0.789115234375,1.0083818359375,0.6327744750976563
0.7623768310546875,-0.423740966796875,-0.7950159912109375,-0.7891205444335937,1.0084238891601562,0.6327787475585938
0.7623833618164062,-0.4237221374511719,-0.7949927368164063,-0.7890997924804688,1.0084501342773438,0.632802978515625
0.76239013671875,-0.4237076416015625,-0.7949854736328125,-0.789107177734375,1.0084718627929687,0.632809326171875
0.7624131469726563,-0.423712646484375,-0.7950146484375,-0.78899951171875,1.0084664306640625,0.6328007202148438
0.7624251708984375,-0.4237030029296875,-0.79497900390625,-0.7891116943359375,1.0084898071289063,0.6328197631835938
0.7624122314453124,-0.42371975708007814,-0.7949793090820313,-0.7891055297851562,1.008486572265625,0.6328240356445313
0.762408203125,-0.42372024536132813,-0.7949895629882813,-0.7891066284179687,1.0084664916992188,0.6328057250976562
0.762390869140625,-0.423755126953125,-0.794998779296875,-0.7891131591796875,1.008467529296875,0.632831787109375
0.7624021606445313,-0.4237373962402344,-0.795002197265625,-0.7891220092773438,1.0084295043945313,0.6327853393554688
0.7623689575195313,-0.423734619140625,-0.7950081787109375,-0.7891196899414062,1.0083865966796874,0.6327488403320313
0.7623668212890625,-0.42372702026367187,-0.7950150146484375,-0.7891200561523437,1.0084013061523438,0.6327918701171875
0.7623695678710938,-0.4237438049316406,-0.7950093383789063,-0.789114501953125,1.0084080810546876,0.6327903442382813
0.7623799438476563,-0.42373846435546875,-0.795008056640625,-0.7891028442382813,1.0084190063476564,0.6328128051757812
0.7623833618164062,-0.42372711181640627,-0.7950012817382812,-0.7890990600585938,1.00843994140625,0.6327985229492188
0.7624207153320313,-0.4237074890136719,-0.7949908447265625,-0.7891027221679687,1.0084690551757813,0.6328137817382813
0.7624129028320312,-0.4237255249023438,-0.7949805908203125,-0.789095703125,1.00847119140625,0.6328143310546875
0.7624219360351563,-0.4237368469238281,-0.7949751586914062,-0.7891004638671875,1.0084650268554687,0.6327965698242187
0.7624183349609375,-0.4237044372558594,-0.7949713745117187,-0.789108154296875,1.0084741821289063,0.6328073120117188
0.7624011840820313,-0.423732666015625,-0.7949803466796875,-0.789108154296875,1.008417236328125,0.6327769775390625
0.7623820190429688,-0.4237435302734375,-0.794997802734375,-0.7891221313476563,1.00843994140625,0.6327842407226563
0.7623809204101563,-0.4237374267578125,-0.7950047607421875,-0.7891198120117188,1.0084080810546876,0.6327616577148437
0.7623732299804687,-0.4237430419921875,-0.7950204467773437,-0.7891173095703125,1.0083707275390625,0.6327437133789062
0.7623541870117188,-0.42372634887695315,-0.79501611328125,-0.7891090698242188,1.00839599609375,0.63278173828125
0.7623860473632813,-0.4237340087890625,-0.7950117797851562,-0.789104736328125,1.0083953857421875,0.6327763671875
0.7623703002929687,-0.42371337890625,-0.79499755859375,-0.78910546875,1.008425537109375,0.632809326171875
0.7623869018554688,-0.4237057800292969,-0.7949896850585938,-0.7890931396484375,1.0084445190429687,0.6328021850585938
0.762406005859375,-0.42370147705078126,-0.7949841918945313,-0.7891006469726562,1.0084593505859376,0.6328235473632813
0.7624132080078125,-0.4237207946777344,-0.7949815673828124,-0.7891127319335938,1.008478515625,0.6328203735351563
0.7624181518554688,-0.4237134094238281,-0.7949680786132812,-0.7891029663085938,1.0084835815429687,0.6328259887695312
0.7624056396484375,-0.42373919677734373,-0.7949864501953126,-0.7891126098632812,1.008491943359375,0.632829345703125
0.7624027099609375,-0.42372259521484373,-0.7949945068359375,-0.7891119384765625,1.0084700317382813,0.6328178100585937
0.7623884887695312,-0.42374957275390623,-0.7949994506835938,-0.789125244140625,1.0084347534179687,0.6328019409179687
0.7623798217773438,-0.42373175048828127,-0.7950064697265625,-0.789112548828125,1.0084033813476563,0.6327884521484375
0.7623676147460937,-0.4237276611328125,-0.7950087890625,-0.7891184692382812,1.00839208984375,0.6327528686523437
0.7623743286132812,-0.42372445678710935,-0.7950297241210937,-0.7891279296875,1.0084197387695313,0.6327813110351562
0.7623753662109375,-0.4237311096191406,-0.7950104370117187,-0.7891148681640625,1.008408935546875,0.6327841186523437
0.7623799438476563,-0.42372988891601565,-0.7950023803710937,-0.7891078491210938,1.0084175415039063,0.6327744140625
0.762401123046875,-0.42370584106445314,-0.7949924926757812,-0.7891026000976562,1.008443115234375,0.6328051147460938
0.7624178466796875,-0.423715087890625,-0.7950390625,-0.789011474609375,1.0084744873046876,0.6328215942382812
0.7624093017578125,-0.42371185302734377,-0.7949701538085937,-0.7891058349609374,1.008487060546875,0.6328251953125
0.7624242553710937,-0.423703369140625,-0.794974365234375,-0.789102783203125,1.0084759521484374,0.632808349609375
0.7624180297851563,-0.4237130126953125,-0.7949781494140625,-0.7891061401367188,1.0084716186523437,0.632819091796875
0.7624049072265625,-0.4237215881347656,-0.7949849853515625,-0.78912060546875,1.0084508666992187,0.6327902221679688
0.7623821411132813,-0.42374114990234374,-0.794996826171875,-0.7891151123046874,1.0084060668945312,0.6327923583984375
0.762384521484375,-0.4237395935058594,-0.7950068359375,-0.7891244506835937,1.0084420776367187,0.6328003540039062
0.762374755859375,-0.4237441711425781,-0.7950126342773437,-0.7891156616210937,1.00838134765625,0.6327467651367188
0.7623651733398438,-0.423743408203125,-0.7950225219726562,-0.789125244140625,1.0083968505859375,0.6327990112304688
0.7623677368164062,-0.4237323608398437,-0.795015625,-0.7891143188476563,1.008415283203125,0.6327998046875
0.7623871459960937,-0.4237086486816406,-0.7950009155273438,-0.789112548828125,1.0084239501953125,0.6327836303710938
0.7623947143554688,-0.4237174072265625,-0.7949791259765625,-0.7890938110351563,1.0084598388671875,0.632803466796875
0.7624166259765625,-0.4237047119140625,-0.7949740600585937,-0.7890904541015625,1.0084594116210936,0.6327930908203125
0.7624072875976563,-0.4237189636230469,-0.7949683227539063,-0.7891007080078125,1.008484375,0.632821533203125
0.7624219360351563,-0.4237112731933594,-0.7949666137695313,-0.7890933837890625,1.0084800415039064,0.6328440551757812
0.7624011840820313,-0.4237170104980469,-0.7949765625,-0.7891185302734375,1.0084747924804687,0.6328189086914062
0.7623807983398437,-0.423734375,-0.7949862670898438,-0.78911474609375,1.0084532470703125,0.6327918090820313
0.7623851318359375,-0.42373812866210936,-0.7949985961914062,-0.7891212158203125,1.0084413452148437,0.6327982177734375
0.7623786010742187,-0.42374951171875,-0.7950120239257813,-0.7891288452148437,1.0084096069335937,0.6328005981445313
0.7623701782226563,-0.4237620849609375,-0.7950257568359375,-0.7891259155273438,1.0084058837890626,0.632811279296875
0.7623617553710937,-0.42374722290039063,-0.7950101928710938,-0.7891234741210937,1.008384765625,0.6327592163085938
0.762379638671875,-0.4237330322265625,-0.795001708984375,-0.7891082763671875,1.0084413452148437,0.6328001708984375
0.7623676147460937,-0.4237288818359375,-0.7949999389648438,-0.7891106567382813,1.00844384765625,0.6327952880859375
0.762407958984375,-0.4237289123535156,-0.7949948120117187,-0.7891001586914063,1.008426513671875,0.6327874145507812
0.7624066162109375,-0.4237090148925781,-0.7949729614257812,-0.78910009765625,1.0084493408203126,0.6328157348632812
0.7624052734375,-0.42370355224609374,-0.7949705810546875,-0.7890986328125,1.0084722290039063,0.6328101196289062
0.7624066162109375,-0.4237107849121094,-0.7950245971679688,-0.7889873657226563,1.0084378662109375,0.6327610473632812
0.7624157104492187,-0.42371551513671873,-0.7949826049804688,-0.7891085205078125,1.0084624633789063,0.6328058471679687
0.7623934936523438,-0.42372042846679686,-0.794989013671875,-0.7891201782226562,1.0084595336914062,0.6328167724609375
0.7623810424804688,-0.42371807861328126,-0.79500244140625,-0.7891170654296875,1.0084276733398438,0.6327802124023437
0.7623707275390625,-0.42372903442382814,-0.7950015258789063,-0.7891199951171874,1.0084110107421875,0.6327579956054687
0.7623750610351563,-0.4237494812011719,-0.7949967041015625,-0.7891195678710937,1.0084326171875,0.6327958374023438
0.7623988037109375,-0.42373828125,-0.7950045776367187,-0.7891156005859375,1.0084100952148438,0.6327572631835937
0.7623789672851562,-0.423747802734375,-0.7949971313476563,-0.7891165771484375,1.00844091796875,0.6327879028320312
0.7623931274414063,-0.4237225341796875,-0.7949926147460937,-0.7891041870117188,1.0084341430664063,0.632791259765625
0.762384521484375,-0.4237315979003906,-0.7949827880859375,-0.7891068725585938,1.0084622192382813,0.632797607421875
0.7623983154296875,-0.42370101928710935,-0.794986572265625,-0.78910595703125,1.0084559936523438,0.6328004760742187
0.76240234375,-0.4237100830078125,-0.7949852905273438,-0.7890945434570312,1.008459228515625,0.6328060913085938
0.7624046020507812,-0.42370828247070313,-0.79498876953125,-0.7891008911132813,1.0084312744140624,0.63279296875
0.7623890380859375,-0.42372531127929686,-0.7949946899414062,-0.7891016845703125,1.008455078125,0.6328187255859375
0.7623917846679688,-0.4237220458984375,-0.794984130859375,-0.7891156005859375,1.0084369506835937,0.6327860107421875
0.7624009399414062,-0.42372860717773436,-0.7949998779296875,-0.7891044311523437,1.0084454956054687,0.632800537109375
0.7623703002929687,-0.4237318115234375,-0.7950057983398438,-0.7891112060546875,1.008447265625,0.6328169555664063
0.7623778686523438,-0.4237364501953125,-0.7950003662109375,-0.7891170654296875,1.0084469604492188,0.6327962036132813
0.7623654174804687,-0.42374798583984374,-0.7950033569335937,-0.7891151123046874,1.0084090576171876,0.6327802124023437
0.7623719482421875,-0.4237284851074219,-0.79499951171875,-0.7890925903320313,1.0084273071289063,0.6328027954101563
0.76238232421875,-0.42372760009765625,-0.7950076904296876,-0.7891128540039063,1.008404052734375,0.6327811889648437
0.7623878173828125,-0.4237342224121094,-0.794989013671875,-0.78911572265625,1.0084334716796874,0.632791259765625
0.7623847045898438,-0.4237313537597656,-0.7950383911132812,-0.7889879150390625,1.0084498291015624,0.6328099975585938
0.7624130249023438,-0.4237129821777344,-0.7949903564453125,-0.7890992431640625,1.0084194946289062,0.6327589721679687
0.76239794921875,-0.4237244262695313,-0.7950427856445312,-0.788995849609375,1.0084738159179687,0.6328153686523438
0.7623986206054687,-0.42371469116210936,-0.7949916381835938,-0.7891063842773437,1.0084395751953126,0.6328118286132812
0.7623859252929688,-0.4237117919921875,-0.7949857177734375,-0.7891054077148437,1.0084569702148438,0.6328245849609375
0.7623883666992187,-0.4237273864746094,-0.7950045166015625,-0.7891060180664062,1.0084549560546876,0.632806640625
0.762379638671875,-0.4237418212890625,-0.7949899291992187,-0.7891145629882812,1.0084473876953124,0.6327901611328125
0.7623828735351562,-0.4237370910644531,-0.794994140625,-0.7891117553710938,1.0084314575195312,0.6327891235351563
0.762387451171875,-0.4237309875488281,-0.7949887084960937,-0.7891165161132813,1.0084447021484375,0.6328060302734375
0.7623798828125,-0.42374468994140624,-0.7950037231445313,-0.7891165771484375,1.0084098510742188,0.6327992553710937
0.7623887939453124,-0.42373822021484375,-0.7949930419921875,-0.7891152954101562,1.0084436645507813,0.6327911376953125
0.7623923950195313,-0.4237152099609375,-0.79500244140625,-0.7891187744140625,1.0084388427734374,0.6327832641601563
0.7624115600585938,-0.4237308349609375,-0.7949902954101562,-0.7891060791015625,1.0084400024414062,0.6327882080078125
0.7623778076171875,-0.42372946166992187,-0.7949923706054688,-0.7891011352539062,1.0084352416992188,0.6328119506835937
0.7623888549804687,-0.4237250061035156,-0.7949948120117187,-0.7890961303710937,1.0084461059570313,0.6328146362304687
0.7624038696289063,-0.4237126159667969,-0.7949993286132813,-0.7891094360351563,1.0084452514648437,0.6328187866210937
0.7624013671875,-0.4237277221679687,-0.7949877319335937,-0.7891190185546875,1.0084586791992187,0.6327914428710938
0.7623958740234374,-0.4236972961425781,-0.79498681640625,-0.7891060180664062,1.0084606323242187,0.6328259887695312
0.7623988647460938,-0.42372946166992187,-0.7949884643554688,-0.7891047973632812,1.008450927734375,0.632803955078125
0.7623970947265625,-0.4237052307128906,-0.795006103515625,-0.7891372680664063,1.0084575805664062,0.632809326171875
0.7624103393554688,-0.4237197265625,-0.795012939453125,-0.789134765625,1.0084657592773438,0.6327788696289063
0.7623656005859375,-0.4237229919433594,-0.7949830932617188,-0.7891528930664062,1.008423095703125,0.6327088623046875
0.7623300170898437,-0.423759765625,-0.7949534301757812,-0.7891765747070313,1.0084384155273438,0.632754150390625
0.7623167724609375,-0.42378607177734373,-0.7949223022460937,-0.7891193237304688,1.0084482421875,0.6327694091796875
0.7623182983398438,-0.42377304077148437,-0.794892822265625,-0.7890692138671875,1.00839794921875,0.6327942504882812
0.7623235473632812,-0.4237480163574219,-0.7949934692382813,-0.7889048461914062,1.0084120483398438,0.63278759765625
0.7623286743164063,-0.42374737548828123,-0.7949058227539062,-0.788924072265625,1.0083351440429686,0.6327561645507812
0.7624197998046875,-0.4237625427246094,-0.794935791015625,-0.7887437133789063,1.0084363403320313,0.6326635131835937
0.7624591064453125,-0.4237811279296875,-0.7949056396484375,-0.7886220092773437,1.0084132080078125,0.6324689331054687
0.76250537109375,-0.42379559326171873,-0.7947568359375,-0.7885858764648438,1.0084612426757813,0.6322987670898438
0.762573486328125,-0.423826416015625,-0.7947788696289062,-0.788473388671875,1.0084024047851563,0.6320647583007812
0.7626083374023438,-0.4238297119140625,-0.7947265625,-0.788408203125,1.00838818359375,0.6318154296875
0.7626519775390626,-0.4238299865722656,-0.7947063598632812,-0.7883200073242187,1.008448486328125,0.6315139770507813
0.7627261962890625,-0.423847900390625,-0.7946967163085937,-0.7881698608398438,1.0086170654296875,0.6313341064453125
0.762747314453125,-0.4238552551269531,-0.794655029296875,-0.788113037109375,1.0084263305664063,0.6307631225585938
0.7628046875,-0.42389129638671874,-0.7946190795898438,-0.7880100708007812,1.0086660766601563,0.6305490112304688
0.7628316040039063,-0.4238702697753906,-0.7945878295898438,-0.78787841796875,1.008600830078125,0.630054443359375
0.7628218994140625,-0.4238149719238281,-0.7945517578125,-0.7877337646484375,1.0086435546875,0.6292506713867188
0.7628137817382813,-0.42379998779296874,-0.7945111083984375,-0.787554443359375,1.0085393676757812,0.6291918334960938
0.7627263793945313,-0.42381390380859374,-0.7944332275390625,-0.7873460693359375,1.008471923828125,0.6286884155273438
0.7626718139648437,-0.4238106689453125,-0.7943052368164063,-0.7871337280273437,1.0083662719726563,0.6281795043945313
0.7625332641601562,-0.42381756591796876,-0.7941950073242188,-0.786874755859375,1.00825830078125,0.6276946411132812
0.76241357421875,-0.4238994445800781,-0.7940740966796875,-0.7866592407226562,1.0081392822265625,0.627171142578125
0.7622748413085938,-0.42397848510742187,-0.7940034790039062,-0.7864546508789062,1.0080606689453124,0.6264259643554687
0.7618510131835937,-0.42394012451171875,-0.7938984375,-0.7863825073242188,1.0078904418945311,0.6258025512695312
0.7617764892578125,-0.4241328125,-0.7938334350585937,-0.7861304321289062,1.0076932373046874,0.6253727416992187
0.761433837890625,-0.4241988220214844,-0.7937522583007812,-0.7859592895507812,1.0075753784179688,0.6246051635742188
0.7610682373046875,-0.424275634765625,-0.7937178344726562,-0.7857740478515625,1.0072545166015625,0.6239702758789063
0.7606047973632812,-0.42434005737304686,-0.7937049560546875,-0.7856016235351563,1.0071104736328125,0.6228997802734375
0.7601474609375,-0.42438690185546873,-0.7937318725585938,-0.7854439086914062,1.006837646484375,0.6226013793945312
0.7595108642578124,-0.4243089904785156,-0.7937534790039062,-0.7852982177734374,1.0066460571289062,0.6216366577148438
0.7589667358398438,-0.4243523864746094,-0.7936474609375,-0.7850903930664063,1.0064278564453124,0.6204962158203124
0.7584005737304688,-0.42440924072265623,-0.793590087890625,-0.784803466796875,1.0061278076171876,0.6195983276367187
0.7579659423828125,-0.42457232666015626,-0.7934700317382812,-0.7844788818359375,1.0058651123046876,0.6187903442382813
0.7573448486328125,-0.4246253967285156,-0.7934267578125,-0.784236328125,1.00558837890625,0.6179393920898437
0.7566732177734375,-0.4246718444824219,-0.7933885498046875,-0.7840097045898438,1.005095703125,0.6175567626953125
0.755995361328125,-0.424749267578125,-0.7932769775390625,-0.7838035278320312,1.0049593505859375,0.6162843627929687
0.7553257446289062,-0.42481732177734377,-0.793191162109375,-0.7836083984375,1.0048134765625,0.6154124145507812
0.754559326171875,-0.42482330322265627,-0.7931089477539063,-0.7833836059570313,1.0044315795898437,0.6146238403320312
0.7538211059570312,-0.4248316650390625,-0.793122314453125,-0.7831904296875,1.0042325439453126,0.6135339965820312
0.7530706176757812,-0.4248526306152344,-0.7930199584960937,-0.7829613647460938,1.0039845581054687,0.6127297973632813
0.7522706298828125,-0.42479275512695314,-0.792993896484375,-0.7828817749023438,1.0037825927734374,0.6118375854492187
0.7515517578125,-0.42470919799804685,-0.7930296630859375,-0.7825947875976562,1.003604248046875,0.61100537109375
0.7507603149414063,-0.4246041259765625,-0.7929551391601563,-0.78242626953125,1.0034260864257813,0.6101393432617187
0.7500342407226562,-0.4244635314941406,-0.7929698486328125,-0.7822716674804687,1.0032159423828124,0.6092672119140625
0.74933154296875,-0.42445620727539063,-0.7929650268554688,-0.782091064453125,1.0030841064453124,0.6084740600585937
0.7486248779296875,-0.4241412048339844,-0.792885986328125,-0.7819218139648437,1.0028760986328125,0.607556396484375
0.7479570922851563,-0.42407998657226564,-0.7928659057617188,-0.7817341918945313,1.0027651977539063,0.6067654418945313
0.7473426513671875,-0.4238690185546875,-0.7927786254882813,-0.7815650024414063,1.002690185546875,0.6060047607421875
0.746739013671875,-0.42364593505859377,-0.79275146484375,-0.781393798828125,1.0026057739257812,0.605208740234375
0.746092041015625,-0.4232455139160156,-0.7927080688476562,-0.7812265625,1.0025330200195313,0.6044425048828125
0.7455240478515625,-0.42301962280273436,-0.7927217407226562,-0.7810722045898437,1.0024154663085938,0.6036203002929688
0.7449275512695313,-0.42271185302734376,-0.7926887817382813,-0.7808963623046875,1.0023853759765624,0.6029412841796875
0.7444439697265625,-0.42250875854492187,-0.792694580078125,-0.78076220703125,1.0023021850585938,0.602206298828125
0.7439174194335938,-0.4221058044433594,-0.7927252197265625,-0.7806654663085938,1.0022376098632813,0.6014703979492187
0.7434198608398438,-0.42174151611328126,-0.7927445068359374,-0.7805198974609375,1.0022349243164062,0.6009368896484375
0.7430444946289062,-0.4214947814941406,-0.7927479858398437,-0.780392822265625,1.0021875610351563,0.6002451782226562
0.742594970703125,-0.42098907470703123,-0.7927028198242188,-0.7802682495117188,1.00214111328125,0.59967529296875
0.7422433471679688,-0.42069503784179685,-0.7927296142578125,-0.7801721801757813,1.0020130004882812,0.5990570068359375
0.741927734375,-0.4202781982421875,-0.7927191772460938,-0.780050537109375,1.001935791015625,0.5983580932617187
0.7416492919921875,-0.419857421875,-0.7926614379882813,-0.7800108642578125,1.001939697265625,0.5979588623046875
0.7413943481445312,-0.41927337646484375,-0.792678466796875,-0.779901611328125,1.0019579467773438,0.5974085693359374
0.7412767944335937,-0.4189573669433594,-0.7925459594726563,-0.7798096313476562,1.0019271850585938,0.596958984375
0.7410964965820312,-0.41847119140625,-0.7926076049804688,-0.7797277221679687,1.0020419311523439,0.5967569580078125
0.7409806518554688,-0.41800411987304686,-0.7925269775390625,-0.7797145385742188,1.0020910034179686,0.5963782348632812
0.7408865356445312,-0.41748825073242185,-0.7924680786132813,-0.7795927124023437,1.0020970458984375,0.5960765991210938
0.7408444213867188,-0.4169604797363281,-0.7923909912109375,-0.7795993041992187,1.0021231079101562,0.5957403564453125
0.740784423828125,-0.41632440185546876,-0.7923334350585938,-0.7795286865234375,1.0020571899414064,0.5953057250976562
0.7408331298828125,-0.4157698974609375,-0.79221875,-0.779481201171875,1.0021004638671875,0.5950887451171875
0.7408790283203125,-0.415199462890625,-0.7921419067382812,-0.7794810180664062,1.0022304077148438,0.595077880859375
0.7411268310546875,-0.41461907958984373,-0.7920770874023437,-0.7794063720703125,1.0022803955078126,0.59490673828125
0.7412744750976562,-0.4140286865234375,-0.791964599609375,-0.7794903564453125,1.002358154296875,0.5947879028320312
0.7414705810546875,-0.41336367797851564,-0.7918455810546875,-0.7794801635742188,1.0023815307617188,0.594615234375
0.7418123168945312,-0.41285531616210935,-0.7917059326171875,-0.7794871826171875,1.0025015258789063,0.594613037109375
0.7420570068359374,-0.41227484130859376,-0.7916290893554687,-0.77948046875,1.0025870971679687,0.5947244873046875
0.7422909545898437,-0.41164459228515626,-0.79147314453125,-0.7796007690429687,1.0026489868164064,0.5947411499023437
0.7427391967773438,-0.41094677734375,-0.791345703125,-0.77967333984375,1.0027689819335937,0.59477734375
0.7431047973632813,-0.4102791442871094,-0.7911248168945313,-0.7796722412109375,1.0028622436523438,0.5947324829101562
0.7435468139648438,-0.4096370849609375,-0.7909629516601563,-0.7796633911132812,1.0030077514648437,0.5950075073242187
0.7439593505859375,-0.4090357666015625,-0.7908132934570312,-0.7797880859375,1.0031598510742188,0.595186767578125
0.7445494384765625,-0.4084701232910156,-0.7906425170898438,-0.7798189697265625,1.0032684936523437,0.5953095092773437
0.7450148315429688,-0.4076854248046875,-0.7903733520507813,-0.7800455322265625,1.00341650390625,0.5955697631835938
0.7456337890625,-0.4071002197265625,-0.7901390991210937,-0.7801336059570313,1.0036002197265625,0.5958112182617188
0.7462755126953124,-0.40652713012695313,-0.7898815307617187,-0.7802317504882812,1.0037556762695312,0.59602783203125
0.7469099731445312,-0.4058921203613281,-0.7896334228515625,-0.78033984375,1.0039252319335938,0.59621240234375
0.7475294189453126,-0.4051235656738281,-0.7893714599609375,-0.780451416015625,1.0041439819335938,0.5966773071289062
0.7482042846679687,-0.4045205993652344,-0.7891543579101562,-0.780537353515625,1.0043402099609375,0.597007568359375
0.7489287109375,-0.4038956298828125,-0.7888732299804687,-0.7806730346679688,1.0045088500976562,0.5973959350585938
0.749690185546875,-0.40342074584960935,-0.7885886840820312,-0.7807919921875,1.004759765625,0.5977522583007813
0.7504031982421875,-0.40272415161132813,-0.7883433227539063,-0.7810867309570313,1.0050691528320312,0.5981417236328125
0.751215576171875,-0.402131103515625,-0.788141357421875,-0.7811157836914062,1.005267333984375,0.598583740234375
0.7519210205078125,-0.40153396606445313,-0.7878355102539063,-0.7812978515625,1.005484619140625,0.5988740234375
0.752818603515625,-0.40101248168945314,-0.7875167846679687,-0.7816201171875,1.00585107421875,0.59939794921875
0.753660400390625,-0.400458251953125,-0.78727490234375,-0.7816104125976563,1.006131591796875,0.5998468627929687
0.7545376586914062,-0.3999612121582031,-0.7869948120117187,-0.7817903442382812,1.0064635009765626,0.6003006591796874
0.755205078125,-0.3992688903808594,-0.7866107177734375,-0.7821404418945312,1.0067156982421874,0.6007454833984375
0.7561063842773438,-0.398740234375,-0.786290771484375,-0.7821966552734375,1.0070426025390624,0.601237548828125
0.757182373046875,-0.3984283447265625,-0.7859884643554688,-0.7823470458984375,1.0073673095703124,0.6017457885742188
0.7580928955078124,-0.3979673461914062,-0.7856370849609375,-0.7825170288085938,1.0077212524414063,0.6022584228515625
0.7587158813476562,-0.39737750244140624,-0.7852948608398438,-0.7827048950195312,1.0080873413085938,0.6027529296875
0.759732666015625,-0.3969302673339844,-0.7849818725585938,-0.7828598022460938,1.0084169311523437,0.603256103515625
0.7608533935546875,-0.3967218627929687,-0.7846111450195312,-0.7832192993164062,1.00878515625,0.6037816162109375
0.7616217041015625,-0.396202392578125,-0.7843397216796875,-0.7832910766601563,1.00915478515625,0.6042957763671875
0.762530029296875,-0.39581405639648437,-0.7839983520507813,-0.7835114135742187,1.0095132446289063,0.6048267211914062
0.7635205688476563,-0.39546267700195314,-0.7836041870117187,-0.783890869140625,1.00984912109375,0.6054254760742187
0.76442236328125,-0.3951377868652344,-0.7832565307617188,-0.7840462036132813,1.0102529296875,0.6059262084960938
0.7653041381835938,-0.394834716796875,-0.7829708251953125,-0.7841809692382813,1.010630615234375,0.6064204711914063
0.7663278198242187,-0.39458657836914063,-0.7826066284179688,-0.7843907470703125,1.01101708984375,0.606992919921875
0.7672994384765625,-0.39427297973632813,-0.7822600708007813,-0.7845931396484375,1.0114255981445313,0.6075407104492188
0.7682440795898438,-0.39408966064453127,-0.7818721923828125,-0.7847711181640625,1.011822021484375,0.608095703125
0.7691707763671874,-0.39384271240234375,-0.7815130004882812,-0.784969970703125,1.0122645874023437,0.6086220092773438
0.7703325805664063,-0.39381051635742187,-0.7812607421875,-0.7852036743164063,1.0125951538085938,0.6091373291015625
0.7712125244140625,-0.39367376708984375,-0.7809231567382813,-0.78559521484375,1.0129985961914063,0.609671875
0.7721278686523437,-0.3935339660644531,-0.7807070922851562,-0.7857409057617187,1.0133727416992186,0.6101851806640625
0.773010986328125,-0.3934141845703125,-0.7803452758789062,-0.7859840087890625,1.0138447265625,0.6107119750976563
0.7738235473632813,-0.39329019165039064,-0.7799515991210938,-0.7861302490234375,1.0142543334960938,0.61123046875
0.7746104125976563,-0.39305078125,-0.7795048828125,-0.7864205322265625,1.0146190185546875,0.61172216796875
0.7754637451171875,-0.39299102783203127,-0.7792241821289062,-0.7865040283203125,1.0150205078125,0.6122846069335938
0.7763667602539063,-0.3929625244140625,-0.7789307250976563,-0.7867088012695312,1.0154312133789063,0.61277392578125
0.7773864135742188,-0.39310589599609375,-0.7786024169921875,-0.7869080810546875,1.0159026489257812,0.6132643432617187
0.7780242919921875,-0.39294564819335936,-0.7783082275390625,-0.7871329345703125,1.0162727661132813,0.613756591796875
0.7788482055664062,-0.39295904541015625,-0.7779969482421875,-0.787326904296875,1.01662451171875,0.614260986328125
0.7796117553710937,-0.39302117919921875,-0.7776769409179688,-0.7875452270507812,1.01699853515625,0.614676025390625
0.780619140625,-0.3932762145996094,-0.7773712158203125,-0.7877431030273437,1.0174508056640625,0.6152029418945313
0.781367919921875,-0.39336639404296875,-0.7770738525390625,-0.787959228515625,1.0177926635742187,0.6156008911132812
0.7818858642578125,-0.3933518371582031,-0.7767467651367187,-0.7881644897460938,1.0181778564453126,0.6160347290039062
0.7825776977539063,-0.393486328125,-0.776438232421875,-0.7883472900390625,1.018550048828125,0.6164743041992188
0.7835017700195313,-0.39376321411132814,-0.7761400146484375,-0.7885260009765624,1.0189107666015624,0.6168690795898437
0.7839976196289062,-0.39380258178710936,-0.7758218994140625,-0.7886885375976562,1.0193302612304687,0.6173578491210937
0.7846129760742188,-0.39396359252929686,-0.7755249633789062,-0.7888541870117187,1.0196321411132812,0.6177132568359375
0.78539453125,-0.3943572998046875,-0.77520068359375,-0.7891560668945312,1.01998046875,0.618046630859375
0.78588818359375,-0.3943935546875,-0.775067626953125,-0.7891637573242187,1.0203148193359375,0.6190518188476563
0.7865026245117187,-0.39464273071289063,-0.774814208984375,-0.7893493041992188,1.0206490478515624,0.61887158203125
0.7872554321289063,-0.39506103515625,-0.7744837646484375,-0.7897036743164062,1.0210064697265624,0.619088623046875
0.78757763671875,-0.39515625,-0.7743131713867187,-0.7896714477539063,1.0213220825195313,0.6195118408203125
0.7883333740234375,-0.3955965881347656,-0.7740844116210938,-0.7898240966796874,1.0216129760742187,0.619830810546875
0.7885990600585937,-0.3957288818359375,-0.7738655395507813,-0.7899891357421875,1.0218544921875,0.6201187133789062
0.7892323608398437,-0.396239501953125,-0.7736366577148438,-0.790150146484375,1.02215771484375,0.6204517211914062
0.789472900390625,-0.39642388916015625,-0.7734291381835937,-0.79030712890625,1.02246728515625,0.6207192993164062
0.7900748291015625,-0.39692752075195314,-0.7732428588867187,-0.790461669921875,1.022784912109375,0.6209872436523437
0.7902532348632813,-0.3971013793945313,-0.77306787109375,-0.7906151733398438,1.0228172607421875,0.6212791137695313
0.7908760375976562,-0.3976363830566406,-0.7728697509765625,-0.7907867431640625,1.0232779541015624,0.6214840698242188
0.7908803100585937,-0.3978707275390625,-0.7727182006835938,-0.7908890991210937,1.0235068359375,0.6216851806640625
0.791492919921875,-0.39837188720703126,-0.7725592651367188,-0.7910239868164063,1.0237280883789062,0.6219009399414063
0.7915732421875,-0.3986368103027344,-0.772364013671875,-0.7911669311523437,1.02397900390625,0.6227345581054687
0.7918341674804688,-0.39903509521484376,-0.7721986694335937,-0.7912866821289063,1.024165771484375,0.6223548583984375
0.7920592651367188,-0.39943695068359375,-0.7720330810546875,-0.7913588256835937,1.02438232421875,0.622511474609375
0.7922884521484375,-0.39983477783203125,-0.7718717041015625,-0.7914635009765625,1.0245738525390624,0.6226616821289063
0.7926422729492187,-0.4004547729492188,-0.771739990234375,-0.791561767578125,1.0245224609375,0.6234568481445313
0.7925842895507812,-0.4007189636230469,-0.77161376953125,-0.791690185546875,1.0248565673828125,0.6235855102539063
0.7929428100585938,-0.40133071899414063,-0.7714189453125,-0.7919624633789063,1.0250155029296875,0.623705810546875
0.7930242309570312,-0.40177020263671875,-0.7713872680664062,-0.79190673828125,1.02510302734375,0.623108642578125
0.792926025390625,-0.4020226440429687,-0.7712984619140625,-0.79197509765625,1.02525927734375,0.6233447265625
0.7931929931640626,-0.40265673828125,-0.7711937255859375,-0.7920995483398438,1.02544482421875,0.6240167846679687
0.7930573120117187,-0.4028993835449219,-0.7710939331054687,-0.792203369140625,1.0253634033203125,0.624183837890625
0.7930397338867188,-0.4033798828125,-0.7709482421875,-0.7923850708007812,1.0253740234375,0.6236455688476562
0.793297119140625,-0.4039688415527344,-0.7709669189453126,-0.79238037109375,1.0256845703125,0.623677001953125
0.7932322998046875,-0.4044307861328125,-0.7709143676757813,-0.792473876953125,1.025731201171875,0.6237354736328125
0.792950927734375,-0.4047218017578125,-0.7709264526367188,-0.7925701293945312,1.025817138671875,0.62377880859375
0.7929238891601562,-0.4051550598144531,-0.7709046630859375,-0.7926747436523438,1.0257061767578124,0.62389453125
0.793005859375,-0.40577194213867185,-0.7709205322265625,-0.7927584228515625,1.025933349609375,0.6238630981445312
0.7929253540039063,-0.4061883850097656,-0.7709119262695312,-0.7928544311523438,1.02584619140625,0.6245031127929688
0.7925927124023437,-0.40648046875,-0.7708638305664063,-0.7929034423828125,1.026007080078125,0.6238370971679688
0.7924589233398438,-0.4068902587890625,-0.7708591918945312,-0.792950439453125,1.025837646484375,0.623902099609375
0.7925466918945312,-0.40747772216796874,-0.7708479614257813,-0.7930487670898437,1.026035400390625,0.6238889770507813
0.7923372802734375,-0.40789437866210937,-0.7708737182617188,-0.793072509765625,1.025803955078125,0.6238131103515625
0.792180908203125,-0.40833551025390624,-0.7709248657226563,-0.7932085571289063,1.0258890380859376,0.6245128173828125
0.7917405395507813,-0.4085559387207031,-0.77099658203125,-0.7932698974609375,1.0260386962890624,0.6244472045898437
0.7914885864257812,-0.4089794006347656,-0.7710726928710937,-0.79339453125,1.0258214111328126,0.623897216796875
0.7912734375,-0.40937136840820315,-0.77113818359375,-0.7934815063476562,1.02596826171875,0.6238115234375
0.7912573852539062,-0.409933837890625,-0.7712302856445312,-0.7935691528320312,1.025923583984375,0.6237576904296875
0.79098095703125,-0.41029547119140625,-0.7712843017578125,-0.79363818359375,1.0259024658203124,0.6236893310546875
0.7906873779296875,-0.4106700439453125,-0.7713671264648437,-0.793719970703125,1.025832275390625,0.6236389770507812
0.7904710693359375,-0.41104434204101564,-0.771401611328125,-0.7937626342773437,1.0258388671875,0.6235758666992187
0.7901715087890625,-0.41139849853515625,-0.7714331665039063,-0.7938026733398438,1.0257236328125,0.6234131469726563
0.7896635131835937,-0.4115325012207031,-0.7715050659179687,-0.79388427734375,1.0256719970703125,0.62345263671875
0.7896209716796875,-0.41203900146484373,-0.771555419921875,-0.7939346313476563,1.02566357421875,0.6233718872070313
0.7893092651367187,-0.4123934326171875,-0.7716470947265625,-0.7939698486328125,1.025591552734375,0.6233012084960937
0.7889901123046875,-0.4126739501953125,-0.7717646484375,-0.7940820922851562,1.0255091552734374,0.6232500610351562
0.7886630249023437,-0.4129705810546875,-0.7718248901367187,-0.7941142578125,1.0254400634765626,0.6231212158203125
0.7883262939453125,-0.4132458801269531,-0.7719276733398438,-0.7941661987304688,1.0253380126953124,0.6230462036132812
0.78798095703125,-0.41354434204101564,-0.7720357055664062,-0.7942515258789062,1.0252784423828125,0.622974853515625
0.7876497192382812,-0.41382305908203126,-0.7721552124023437,-0.7943174438476562,1.025197509765625,0.6228621826171875
0.7873359985351562,-0.4140524597167969,-0.7722833862304688,-0.7943901977539063,1.0251334228515625,0.6227986450195313
0.7870048828125,-0.41427127075195314,-0.7723930053710938,-0.7944734497070313,1.02503759765625,0.622681884765625
0.7866657104492187,-0.4145281982421875,-0.7724727783203125,-0.7944923706054687,1.024925537109375,0.6226260375976562
0.7861622314453125,-0.4145395812988281,-0.772360107421875,-0.7945244750976562,1.024688232421875,0.6226231689453126
0.7860807495117188,-0.414924072265625,-0.7721388549804687,-0.7944835815429687,1.024443115234375,0.6227005004882813
0.7855518798828125,-0.41510031127929686,-0.772117919921875,-0.79426025390625,1.02411669921875,0.6234064331054687
0.7851852416992188,-0.4151402282714844,-0.7718683471679687,-0.7938408813476563,1.0235253295898437,0.6235955810546875
0.7851075439453125,-0.41547158813476565,-0.7715042114257813,-0.7932384643554687,1.023030517578125,0.6238540649414063
0.784542724609375,-0.41558840942382813,-0.7710665283203125,-0.792555419921875,1.0223853149414062,0.6242718505859375
0.7844224243164063,-0.4157767028808594,-0.77057958984375,-0.7917288818359375,1.0223234252929687,0.6249109497070312
0.7841031494140625,-0.41589175415039065,-0.7699351196289063,-0.7908456420898438,1.02127392578125,0.6268935546875
0.7838311157226563,-0.4161574401855469,-0.7691900024414062,-0.7897347412109375,1.0203182373046875,0.6266519165039063
0.7834641723632813,-0.41615255737304685,-0.7684053955078125,-0.7884600219726563,1.019145263671875,0.6283435668945313
0.7831032104492187,-0.41635244750976563,-0.7674837036132812,-0.7870447998046874,1.0176958618164063,0.6292821655273437
0.7826845703125,-0.41657022094726565,-0.766444580078125,-0.7854606323242187,1.0160238037109375,0.6296488037109375
0.7821016845703125,-0.4170186767578125,-0.7652523193359375,-0.7836542358398437,1.0144412231445312,0.631532958984375
0.7815172119140625,-0.41746054077148437,-0.76395556640625,-0.7816282348632813,1.0123988037109375,0.6326552124023438
0.7806019287109375,-0.4178897399902344,-0.7624573364257813,-0.77933837890625,1.010331298828125,0.6344429321289062
0.7797806396484375,-0.418570068359375,-0.760803466796875,-0.7768108520507813,1.0076752319335938,0.6359165649414062
0.7787786865234375,-0.4193301696777344,-0.7589824829101562,-0.7739839477539062,1.0050248413085938,0.637404541015625
0.7776832885742188,-0.4202766418457031,-0.7569970703125,-0.770887451171875,1.0022158203125,0.640201904296875
0.7764359741210938,-0.4214113464355469,-0.7549156494140625,-0.7675191650390625,0.9988155517578124,0.6419808959960938
0.7749893188476562,-0.4226029052734375,-0.7525946655273438,-0.7638228149414062,0.9955430908203124,0.645190185546875
0.7736337280273438,-0.423908203125,-0.7500922241210938,-0.759916015625,0.9918955078125,0.6479951782226563
0.7719652709960938,-0.42545614624023437,-0.7474386596679687,-0.7556644287109375,0.9878165283203125,0.6510429077148437
0.7701692504882812,-0.42710467529296875,-0.7446113891601562,-0.7511837768554688,0.9835778198242188,0.6542979736328125
0.7680220947265625,-0.42856549072265626,-0.7416041870117187,-0.7464075927734375,0.978876953125,0.6575534057617187
0.7660682373046875,-0.43102383422851565,-0.7383070068359375,-0.7415985717773438,0.9740068969726563,0.6612809448242187
0.7636790771484375,-0.43332412719726565,-0.735126220703125,-0.7363783569335938,0.9690570678710938,0.665515869140625
0.7611080322265625,-0.4358526306152344,-0.73190380859375,-0.7307227783203125,0.9636561889648437,0.6697617797851563
0.758265380859375,-0.4386440734863281,-0.7284033813476563,-0.7249817504882813,0.9579890747070312,0.6735787353515625
0.7551937866210937,-0.4417334899902344,-0.7247630615234375,-0.7189852294921875,0.9520798950195313,0.6787152099609375
0.7518539428710938,-0.4450444946289063,-0.7210429077148437,-0.712767578125,0.9470391235351563,0.6834772338867188
0.748234619140625,-0.4486361389160156,-0.7171865844726563,-0.7062489624023438,0.9395833740234375,0.6894798583984375
0.74423974609375,-0.4521633605957031,-0.7131591186523437,-0.6994547119140625,0.9332421875,0.6947015991210937
0.74014111328125,-0.45636285400390625,-0.7090736083984375,-0.6923943481445313,0.9262351684570312,0.6997787475585937
0.7357879028320312,-0.46079513549804685,-0.7048829956054687,-0.68510693359375,0.9191918334960938,0.7064345703125
0.731370361328125,-0.46582955932617187,-0.7005797729492188,-0.677529052734375,0.9128704833984375,0.71212744140625
0.7263756713867188,-0.4704363708496094,-0.696175537109375,-0.6697567138671875,0.90427783203125,0.7191979370117187
0.7214442138671875,-0.4760453796386719,-0.6917836303710938,-0.6617344970703125,0.8967439575195313,0.7256832275390624
0.7161854248046875,-0.481478271484375,-0.6872105102539062,-0.6535549926757812,0.888852294921875,0.7324210815429687
0.7105499877929687,-0.48724005126953124,-0.6825018920898438,-0.6451385498046875,0.880602783203125,0.7391175537109375
0.704732421875,-0.49289010620117185,-0.6778321533203125,-0.6365408935546875,0.8722921752929688,0.7468473510742187
0.6986842041015625,-0.49920590209960936,-0.6731203002929688,-0.6278008422851562,0.8638726196289063,0.7541620483398438
0.6924580078125,-0.5056169738769531,-0.6684107666015625,-0.6188430786132812,0.8553052368164062,0.7619691772460937
0.6860838623046875,-0.5128099975585938,-0.663609130859375,-0.6095811157226563,0.8475701293945312,0.77145947265625
0.6794550170898438,-0.5198661499023437,-0.6586438598632812,-0.600553955078125,0.837556396484375,0.7784617919921875
0.6725060424804687,-0.5271683959960938,-0.6538533935546875,-0.5909652099609375,0.8286785278320312,0.78767822265625
0.6653859252929688,-0.5347193603515625,-0.6489321899414062,-0.5813749389648437,0.81979638671875,0.7960459594726562
0.6579141235351562,-0.5425511474609375,-0.6439594116210937,-0.5716752319335937,0.8107389526367188,0.8050125732421874
0.650366455078125,-0.5505785522460938,-0.6390357666015625,-0.5618826904296875,0.801248779296875,0.812515380859375
0.6425946655273438,-0.5588436889648437,-0.6341105346679687,-0.5518701782226563,0.7922493286132812,0.8213410034179688
0.634546630859375,-0.56736767578125,-0.6291410522460937,-0.54184130859375,0.7830084838867187,0.8303485107421875
0.626361572265625,-0.5761021728515625,-0.6241976928710937,-0.5317542724609375,0.7734732666015625,0.8408284301757812
0.61798095703125,-0.5849618530273437,-0.6193071899414062,-0.5215325317382813,0.7643485717773437,0.8497422485351562
0.6093841552734375,-0.5941014404296875,-0.614384521484375,-0.5112549133300781,0.7552705688476562,0.8594849243164062
0.6006544799804687,-0.6034042358398437,-0.6095062866210937,-0.5009622192382812,0.7460499877929687,0.8688170776367188
0.5917552490234375,-0.61281103515625,-0.6046875610351562,-0.490637939453125,0.7371815795898438,0.878271240234375
0.5827405395507812,-0.6224176025390625,-0.5999359130859375,-0.4802590026855469,0.7280624389648438,0.8884261474609375
0.5736181640625,-0.6321583862304687,-0.5952213745117187,-0.4697195739746094,0.7191558837890625,0.8984589233398438
0.5643419799804688,-0.6420330200195312,-0.590522705078125,-0.4593026123046875,0.7103473510742188,0.9083921508789062
0.5549195556640625,-0.6520150756835937,-0.5858226318359375,-0.44904852294921876,0.701422607421875,0.9186403198242188
0.5453533325195312,-0.6622537231445312,-0.5812786254882812,-0.43863543701171875,0.692881103515625,0.9287547607421875
0.5355423583984374,-0.6721328735351563,-0.5767373657226562,-0.42832354736328127,0.684293212890625,0.9390283203125
0.5259718627929687,-0.6828501586914062,-0.572410888671875,-0.4179912109375,0.6756978149414062,0.9496473999023437
0.5158506469726563,-0.692888671875,-0.568201171875,-0.40755609130859377,0.6675029296875,0.959563720703125
0.5059903869628907,-0.703525146484375,-0.5639193725585937,-0.3974539794921875,0.6593566284179687,0.9700640869140625
0.49601507568359376,-0.7141156005859375,-0.5597132568359375,-0.38741201782226564,0.6513017578125,0.9804326782226562
0.4858922729492188,-0.724722412109375,-0.5556008911132813,-0.37734356689453125,0.6434449462890625,0.9907190551757813
0.4758421630859375,-0.735533935546875,-0.5515137939453125,-0.3674299621582031,0.6357609252929688,1.0011458740234376
0.465672119140625,-0.7462705078125,-0.5474585571289062,-0.357574951171875,0.6281953125,1.01157666015625
0.4554449157714844,-0.7570992431640625,-0.543526123046875,-0.3478813171386719,0.6208804321289062,1.0219578857421876
0.44537689208984377,-0.768080322265625,-0.539699462890625,-0.3382695617675781,0.6134876708984375,1.0329949951171875
0.435101806640625,-0.7789461669921875,-0.5359645385742188,-0.32876834106445313,0.606696044921875,1.0429649658203124
0.4248357238769531,-0.7898729858398438,-0.5323099975585938,-0.319419677734375,0.5998631591796875,1.0533533935546875
0.4145064392089844,-0.8007318725585938,-0.528780517578125,-0.31025360107421873,0.5930040893554688,1.06418505859375
0.40413327026367185,-0.8115296020507813,-0.5253978271484375,-0.3012404479980469,0.5867725830078125,1.07395556640625
0.3938696594238281,-0.8224443969726563,-0.5221261596679687,-0.29245294189453125,0.5804378051757813,1.084197265625
0.38349761962890627,-0.8332769775390625,-0.5188136596679688,-0.2837491455078125,0.5744151611328125,1.0946578369140625
0.3731531677246094,-0.84415576171875,-0.5155354614257812,-0.2752770080566406,0.5684634399414062,1.10477587890625
0.3628807373046875,-0.8549298095703125,-0.5124219360351563,-0.2668155212402344,0.562826904296875,1.1151722412109375
0.352605224609375,-0.8657256469726563,-0.5094500732421875,-0.25853857421875,0.5573751220703125,1.1252469482421874
0.34246298217773435,-0.8769004516601563,-0.5064740295410156,-0.25054020690917966,0.5520714721679687,1.135610107421875
0.33230838012695313,-0.887622802734375,-0.5035958251953125,-0.24262965393066407,0.5469395141601563,1.145440673828125
0.3218164672851562,-0.8979398193359375,-0.5008347778320312,-0.2349759063720703,0.5420813598632812,1.1555604248046876
0.31159063720703123,-0.9086033325195313,-0.49823406982421875,-0.22754632568359376,0.5373316650390625,1.1656448974609375
0.3013935241699219,-0.9191962890625,-0.4956697082519531,-0.22031117248535156,0.5323991088867187,1.176544189453125
0.29137445068359374,-0.9301005859375,-0.49315011596679686,-0.213269287109375,0.5284617309570312,1.185858154296875
0.2813221435546875,-0.9406170654296875,-0.49070870971679686,-0.20636288452148438,0.52435791015625,1.19572705078125
0.2709829406738281,-0.9506314086914063,-0.48836627197265625,-0.19972097778320314,0.5204359130859375,1.20567236328125
0.260891845703125,-0.9609812622070313,-0.4860741271972656,-0.1932655792236328,0.51660498046875,1.215635009765625
0.25102207946777344,-0.9716138916015625,-0.48382858276367186,-0.186973388671875,0.51301513671875,1.22545068359375
0.24106010437011718,-0.9818193359375,-0.48165560913085936,-0.18088816833496094,0.5090536193847657,1.237176513671875
0.2311314697265625,-0.991954833984375,-0.4795676574707031,-0.17494882202148437,0.50624755859375,1.2449688720703125
0.2209183807373047,-1.0015612182617188,-0.47759661865234376,-0.16927651977539063,nan,nan
0.2112689208984375,-1.0119171752929688,-0.47567633056640624,-0.16381829833984374,nan,nan
0.20142506408691407,-1.0217197875976562,-0.4737879638671875,-0.15842582702636718,nan,nan
0.191359619140625,-1.03116845703125,-0.47192514038085936,-0.15348193359375,nan,nan
0.1817559509277344,-1.041140380859375,-0.47027923583984377,-0.1485606231689453,nan,nan
0.1720006103515625,-1.0506661376953126,-0.4686568298339844,-0.14375177001953124,nan,nan
0.16196163940429686,-1.0597525634765625,-0.4670919494628906,-0.13915090942382813,nan,nan
0.152421630859375,-1.069415283203125,-0.4654521789550781,-0.13498947143554688,nan,nan
0.1425978546142578,-1.0782862548828125,-0.46396578979492187,-0.1308477783203125,nan,nan
0.1331078643798828,-1.0876180419921875,-0.4625507202148437,-0.1269034729003906,nan,nan
0.12326461029052735,-1.096280029296875,-0.46120526123046873,-0.12321073150634766,nan,nan
0.11365232086181641,-1.1050430908203126,-0.4599052734375,-0.11958040618896484,nan,nan
0.10406683349609375,-1.1137332763671874,-0.458609619140625,-0.11616561889648437,nan,nan
0.09466915893554688,-1.12258154296875,-0.45737567138671875,-0.11290351104736328,nan,nan
0.08493648529052734,-1.130582275390625,-0.45626104736328127,-0.10980390930175782,nan,nan
0.07539765167236329,-1.1388380126953126,-0.455161376953125,-0.10690621185302734,nan,nan
0.06605571746826172,-1.1472750244140626,-0.45407528686523435,-0.10415935516357422,nan,nan
0.0563647346496582,-1.15505029296875,-0.453001220703125,-0.10160931396484375,nan,nan
0.04688387298583984,-1.1626068115234376,-0.4520324401855469,-0.09917974090576172,nan,nan
0.037425468444824216,-1.1702332763671874,-0.45109738159179685,-0.09689402008056641,nan,nan
0.028157167434692383,-1.178282958984375,-0.4501941223144531,-0.09476173400878907,nan,nan
0.018770534515380858,-1.1854547119140626,-0.44927154541015624,-0.09281134796142577,nan,nan
0.009202425956726074,-1.1925338134765624,-0.4483816833496094,-0.0909083480834961,nan,nan
-0.00017615251243114472,-1.1992354736328126,-0.4475537719726562,-0.08922021484375,nan,nan
-0.009513584136962891,-1.2061036376953125,-0.44676211547851563,-0.08755028533935547,nan,nan
-0.01863385200500488,-1.21319580078125,-0.44597271728515625,-0.08607515716552734,nan,nan
-0.02793720245361328,-1.21986376953125,-0.4451405944824219,-0.08467806243896485,nan,nan
-0.03720003509521484,-1.2260374755859376,-0.4444519348144531,-0.08347320556640625,0.46106005859375,1.5003902587890625
-0.04644980621337891,-1.23224609375,-0.44378631591796874,-0.08232001495361328,0.45997015380859374,1.508833740234375
-0.055819995880126955,-1.2379617919921875,-0.44324679565429687,-0.08127715301513672,0.45892041015625,1.5172626953125
-0.06477124786376953,-1.244158203125,-0.44275384521484373,-0.08031157684326172,nan,nan
-0.07407938385009766,-1.249905029296875,-0.44226373291015625,-0.07943907928466797,nan,nan
-0.08297843170166015,-1.2555753173828126,-0.44185690307617187,-0.07862107849121094,0.4558586730957031,1.542371337890625
-0.0920314483642578,-1.26083642578125,-0.44146926879882814,-0.07789115905761719,0.45420819091796877,1.551490966796875
-0.10094910430908204,-1.2662840576171874,-0.4410996398925781,-0.07723291778564453,0.45317630004882814,1.559619873046875
-0.10987712097167969,-1.2713736572265626,-0.440865234375,-0.07662226867675781,0.45202285766601563,1.5677686767578125
-0.11877570343017578,-1.2763197021484376,-0.440626953125,-0.07609962463378907,0.4508822326660156,1.575676025390625
-0.12774336242675782,-1.280762451171875,-0.4404843139648438,-0.07566907501220703,0.4498889465332031,1.5864320068359374
-0.13634159851074218,-1.2859725341796875,-0.4404422607421875,-0.07523960876464844,0.44878118896484376,1.5944007568359375
-0.14499757385253906,-1.2902760009765626,-0.4404753723144531,-0.07490708923339844,0.44791714477539063,1.59946728515625
-0.15359132385253907,-1.2946278076171875,-0.44055532836914063,-0.07456644439697266,0.4470211181640625,1.6112066650390624
-0.16219285583496093,-1.2987686767578126,-0.44052459716796877,-0.07448284912109375,0.4459992370605469,1.6187421875
-0.17058364868164064,-1.3029215087890624,-0.440833984375,-0.07421804809570312,0.4445406494140625,1.6217481689453126
-0.17895025634765624,-1.3068746337890624,-0.4412155456542969,-0.07401525115966796,nan,nan
-0.1873731689453125,-1.310509765625,-0.4417422180175781,-0.0737493896484375,0.44350448608398435,1.6386258544921875
-0.19545420837402344,-1.3143575439453126,-0.44225811767578127,-0.0735562973022461,0.4427178955078125,1.6457166748046874
-0.20357208251953124,-1.3179029541015626,-0.44288995361328126,-0.07332875061035156,0.44173379516601563,1.6527066650390625
-0.211595947265625,-1.32133154296875,-0.4435626525878906,-0.07318907928466797,0.4410496520996094,1.6581070556640625
-0.21953248596191408,-1.3246541748046874,-0.44435757446289065,-0.073021728515625,0.43997189331054687,1.66505908203125
-0.22735049438476562,-1.327798095703125,-0.4453109130859375,-0.07292247772216796,0.43902691650390624,1.6714696044921875
-0.2350655517578125,-1.3309290771484374,-0.44649960327148436,-0.07249028015136719,0.4383244018554687,1.67783837890625
-0.24270681762695312,-1.3337891845703125,-0.44738839721679685,-0.07253233337402344,0.4374072265625,1.6845048828125
-0.2501929626464844,-1.3366630859375,-0.4484906005859375,-0.07239838409423828,0.43632916259765625,1.692969970703125
-0.25760272216796876,-1.339451171875,-0.44971661376953126,-0.07221421813964844,0.43518341064453125,1.699549560546875
-0.2648872680664062,-1.3420008544921875,-0.4510284729003906,-0.0719661865234375,0.4345892639160156,1.7054200439453124
-0.2720563049316406,-1.3445947265625,-0.4524514465332031,-0.07172406768798828,0.43372674560546876,1.7120435791015625
-0.2791590576171875,-1.3469888916015624,-0.45385391235351563,-0.07146250152587891,0.432830810546875,1.7183392333984375
-0.2860752258300781,-1.34927880859375,-0.45543325805664064,-0.07114210510253906,0.43210189819335937,1.7238271484375
-0.292913818359375,-1.35153759765625,-0.45699765014648436,-0.07081736755371094,0.43152392578125,1.7291077880859376
-0.2996330261230469,-1.3537320556640624,-0.4585925598144531,-0.07053032684326171,0.4306425476074219,1.7348939208984375
-0.30622549438476565,-1.35586865234375,-0.46027719116210936,-0.07020436096191406,nan,nan
-0.312686767578125,-1.357893798828125,-0.462045166015625,-0.0699167251586914,nan,nan
-0.31900372314453124,-1.359757568359375,-0.4639075622558594,-0.06951596069335937,nan,nan
-0.3252508544921875,-1.361592529296875,-0.4657409057617187,-0.0693553695678711,nan,nan
-0.3314476013183594,-1.363255126953125,-0.46767108154296877,-0.06891515350341797,nan,nan
-0.3372828674316406,-1.3651624755859375,-0.4696770935058594,-0.0684298324584961,nan,nan
-0.3431160583496094,-1.366838134765625,-0.47166986083984375,-0.0678739013671875,nan,nan
-0.3489818115234375,-1.368156494140625,-0.47370709228515623,-0.06729850769042969,nan,nan
-0.3545413513183594,-1.3698453369140624,-0.4757768859863281,-0.06668521118164063,nan,nan
-0.35988128662109375,-1.371527099609375,-0.47789556884765627,-0.06607379150390626,nan,nan
-0.36521478271484376,-1.3729937744140626,-0.4800113220214844,-0.06541884613037109,nan,nan
-0.37053024291992187,-1.3743671875,-0.48222821044921876,-0.06465647125244141,nan,nan
-0.3754846496582031,-1.37589990234375,-0.4844068603515625,-0.06400682067871094,nan,nan
-0.38045703125,-1.37716552734375,-0.48665499877929685,-0.06327705001831055,nan,nan
-0.38527798461914065,-1.3784573974609375,-0.488875732421875,-0.0625350341796875,nan,nan
-0.39001190185546875,-1.3797947998046876,-0.4911266174316406,-0.06168060302734375,nan,nan
-0.3946683349609375,-1.38088916015625,-0.49334628295898436,-0.06083295822143555,0.43465261840820313,1.8721934814453125
-0.399042724609375,-1.3823748779296876,-0.49555416870117186,-0.06000299072265625,0.43464089965820313,1.8795228271484374
-0.4033811950683594,-1.383445068359375,-0.49786062622070315,-0.0589760627746582,0.43564544677734374,1.8836322021484375
-0.4077384338378906,-1.38447119140625,-0.5000811767578125,-0.058618236541748046,0.43687213134765623,1.8878291015625
-0.41173696899414064,-1.38592822265625,-0.5024378051757813,-0.057161212921142575,nan,nan
-0.4159699401855469,-1.386540771484375,-0.5048329772949218,-0.05590767288208008,nan,nan
-0.41956802368164064,-1.388208251953125,-0.5071536865234375,-0.05490065383911133,nan,nan
-0.42339617919921874,-1.3890958251953125,-0.5093705444335938,-0.05377791976928711,nan,nan
-0.4269967956542969,-1.3904141845703124,-0.5115514831542969,-0.05273393249511719,nan,nan
-0.43083059692382814,-1.39107275390625,-0.5137638549804687,-0.05161202621459961,0.44058245849609373,1.9150673828125
-0.4339112548828125,-1.392673583984375,-0.5158509521484375,-0.05062358856201172,0.4421771240234375,1.921072021484375
-0.43717901611328125,-1.3936805419921876,-0.5179214477539062,-0.04940625762939453,0.4439776306152344,1.92566552734375
-0.44062026977539065,-1.3944783935546874,-0.5201541137695312,-0.0482019157409668,nan,nan
-0.44358837890625,-1.3955867919921876,-0.522218505859375,-0.04706988143920898,nan,nan
-0.4466556091308594,-1.396575927734375,-0.5243229370117187,-0.045915672302246094,nan,nan
-0.4493858337402344,-1.39793896484375,-0.5263701171875,-0.04476147079467773,nan,nan
-0.45234136962890625,-1.3987052001953124,-0.5284287109375,-0.04352964782714844,nan,nan
-0.45494076538085937,-1.4001700439453124,-0.53045361328125,-0.042297073364257816,nan,nan
-0.45764520263671876,-1.4008670654296875,-0.5324281005859375,-0.041081069946289066,nan,nan
-0.4600472717285156,-1.402265869140625,-0.5343693237304687,-0.03987286376953125,nan,nan
-0.4624637145996094,-1.4034593505859374,-0.5362637329101563,-0.03861209487915039,nan,nan
-0.4649906005859375,-1.4042672119140625,-0.5381043701171875,-0.03739835739135742,nan,nan
-0.4671791076660156,-1.405661376953125,-0.5398885498046875,-0.03609760284423828,nan,nan
-0.4692764587402344,-1.406679931640625,-0.5416181030273437,-0.034857608795166015,nan,nan
-0.471565673828125,-1.4074217529296875,-0.5433132934570313,-0.03361201477050781,nan,nan
-0.47364474487304686,-1.408807861328125,-0.5450430908203125,-0.03243316650390625,nan,nan
-0.47548934936523435,-1.409882568359375,-0.5466901245117187,-0.031187360763549804,nan,nan
-0.47727264404296876,-1.411175048828125,-0.5482379760742188,-0.0299423770904541,nan,nan
-0.4793007507324219,-1.41219580078125,-0.5497244873046875,-0.02873655891418457,nan,nan
-0.48101364135742186,-1.41327783203125,-0.5512247314453125,-0.027595911026000976,nan,nan
-0.4826677856445313,-1.41433349609375,-0.552723388671875,-0.026371891021728516,nan,nan
-0.4843062744140625,-1.4155001220703125,-0.5541254272460937,-0.025186418533325195,nan,nan
-0.4857347106933594,-1.4169322509765625,-0.5555795288085937,-0.024086137771606446,nan,nan
-0.4873114013671875,-1.4178572998046874,-0.556888427734375,-0.0229730281829834,nan,nan
-0.4886609497070312,-1.419102783203125,-0.558221435546875,-0.02186551856994629,nan,nan
-0.490219970703125,-1.4197666015625,-0.5594822998046876,-0.020728567123413085,nan,nan
-0.49153958129882813,-1.420895263671875,-0.5606109008789063,-0.019695442199707033,nan,nan
-0.4928584594726563,-1.4217696533203126,-0.5617091674804687,-0.0186264762878418,nan,nan
-0.49408981323242185,-1.4226846923828125,-0.5627682495117188,-0.017643709182739258,nan,nan
-0.4952882080078125,-1.423553466796875,-0.56384228515625,-0.016660511016845705,nan,nan
-0.49654336547851563,-1.4242255859375,-0.5648953857421875,-0.015663609504699708,nan,nan
-0.4975069274902344,-1.4252208251953125,-0.56581640625,-0.014724602699279785,nan,nan
-0.4984620666503906,-1.4263966064453124,-0.566747314453125,-0.01385540771484375,nan,nan
-0.49944674682617185,-1.426849609375,-0.5676204833984375,-0.012932820320129395,nan,nan
-0.5006021423339844,-1.427433349609375,-0.5684318237304687,-0.012137177467346192,nan,nan
-0.5015226440429688,-1.42769189453125,-0.5693175048828125,-0.0113187837600708,nan,nan
-0.5024148559570313,-1.4281663818359376,-0.5700784301757813,-0.01056203269958496,nan,nan
-0.5033039855957031,-1.4284583740234376,-0.570895263671875,-0.009814475059509277,nan,nan
-0.5041436157226562,-1.428773681640625,-0.5716503295898437,-0.009116902351379394,nan,nan
-0.505017578125,-1.42925341796875,-0.5723789672851562,-0.008226686477661133,nan,nan
-0.5057993774414062,-1.42933544921875,-0.5729103393554688,-0.007737871646881104,nan,nan
-0.5065382995605469,-1.4290223388671874,-0.5734874267578125,-0.00707392406463623,nan,nan
-0.5073187561035156,-1.429205322265625,-0.5740704345703125,-0.006502942562103271,nan,nan
-0.508151123046875,-1.428859130859375,-0.5746229858398437,-0.0059709296226501465,nan,nan
-0.5087169799804687,-1.4287843017578126,-0.5752523193359375,-0.0054657673835754395,nan,nan
-0.5094869689941406,-1.4282320556640624,-0.5759190673828125,-0.004978943824768067,nan,nan
-0.5100138854980468,-1.4278883056640626,-0.5768566284179687,-0.0041423201560974125,nan,nan
-0.5106546936035157,-1.4273409423828125,-0.5775573120117188,-0.0036608076095581057,nan,nan
-0.5112621459960938,-1.4267303466796875,-0.578314697265625,-0.0033348937034606936,nan,nan
-0.5118008422851562,-1.4260218505859374,-0.5789857177734375,-0.0029280762672424317,nan,nan
-0.5123217163085938,-1.4249375,-0.5796563110351562,-0.0026437368392944337,nan,nan
-0.5128723754882812,-1.4240535888671875,-0.5804043579101562,-0.0023518233299255373,nan,nan
-0.513404296875,-1.4230740966796875,-0.58122021484375,-0.0021151123046875,nan,nan
-0.5139403076171875,-1.42230615234375,-0.5820095825195313,-0.0019285751581192016,nan,nan
-0.5144238891601562,-1.42122216796875,-0.5828894653320312,-0.001761582851409912,nan,nan
-0.5149390869140625,-1.419975341796875,-0.5837957153320312,-0.0015727447271347045,nan,nan
-0.515397216796875,-1.4187069091796876,-0.5847640380859375,-0.0014245532751083374,nan,nan
-0.51577001953125,-1.417019287109375,-0.5857034912109375,-0.0013207894563674926,nan,nan
-0.5162130126953125,-1.4156263427734375,-0.5867578125,-0.0012874640226364137,nan,nan
-0.5166767578125,-1.4143248291015624,-0.5879122924804687,-0.0012721149921417236,nan,nan
-0.5170744018554687,-1.4127435302734375,-0.5891146240234375,-0.0012835564613342286,nan,nan
-0.5174041748046875,-1.410852783203125,-0.5904752197265625,-0.001342252254486084,nan,nan
-0.5177963256835938,-1.4091591796875,-0.5918419189453125,-0.0013536278009414673,nan,nan
-0.5181500244140625,-1.407534423828125,-0.5932774047851562,-0.0014830081462860107,nan,nan
-0.5185336303710938,-1.4059615478515626,-0.59474658203125,-0.0015800284147262573,nan,nan
-0.518859130859375,-1.403896728515625,-0.5963334350585937,-0.001715864062309265,nan,nan
-0.5191976318359375,-1.4020208740234374,-0.5979718627929688,-0.001902419924736023,nan,nan
-0.5194810180664062,-1.400115966796875,-0.5996607055664063,-0.0020932207107543944,nan,nan
-0.5197857666015625,-1.3981326904296876,-0.6014828491210937,-0.0023291854858398437,nan,nan
-0.5202100219726562,-1.39587158203125,-0.6033828735351563,-0.0025769755840301515,nan,nan
-0.5204898071289062,-1.393850341796875,-0.6052514038085938,-0.0028797593116760252,nan,nan
-0.5206270751953125,-1.39198291015625,-0.607214111328125,-0.003100337505340576,nan,nan
-0.5210564575195312,-1.390038818359375,-0.6092252197265625,-0.0034219973087310793,nan,nan
-0.5211156005859375,-1.387801513671875,-0.6113096923828125,-0.0037497942447662354,nan,nan
-0.5213469848632812,-1.38577978515625,-0.6133961181640625,-0.004091809272766114,nan,nan
-0.521541748046875,-1.38362646484375,-0.615546875,-0.004510514736175537,nan,nan
-0.521761962890625,-1.3815419921875,-0.6178595581054688,-0.00491464900970459,nan,nan
-0.5219283447265625,-1.3793973388671874,-0.620141357421875,-0.005368179321289063,nan,nan
-0.5221332397460937,-1.3771009521484374,-0.6225892944335938,-0.005754052639007568,nan,nan
-0.522416015625,-1.374818603515625,-0.6249866943359375,-0.006214990139007569,nan,nan
-0.522414306640625,-1.37285205078125,-0.627459228515625,-0.006705867290496826,nan,nan
-0.5225250244140625,-1.3707652587890624,-0.6299491577148437,-0.007216329574584961,nan,nan
-0.522630615234375,-1.368636962890625,-0.6324542236328125,-0.0076994519233703615,nan,nan
-0.5227271728515624,-1.3665108642578125,-0.6349891967773438,-0.008172986030578613,nan,nan
-0.5227991333007812,-1.3643013916015625,-0.6375353393554688,-0.008754016876220704,nan,nan
-0.5228699951171875,-1.3621986083984374,-0.6401720581054687,-0.009268095970153808,nan,nan
-0.522892578125,-1.36011181640625,-0.6428323364257813,-0.00984325122833252,nan,nan
-0.522912109375,-1.3580592041015624,-0.6455582885742187,-0.010408780097961427,nan,nan
-0.5229261474609375,-1.3560260009765626,-0.6482716674804687,-0.010975523948669434,nan,nan
-0.5229093017578125,-1.3539200439453125,-0.6507460327148438,-0.0117989559173584,nan,nan
-0.5228983154296875,-1.3518841552734375,-0.6534442749023438,-0.012324007987976074,nan,nan
-0.5228355102539063,-1.349837890625,-0.6561494750976562,-0.012925043106079101,nan,nan
-0.522725830078125,-1.3478980712890625,-0.6588670043945313,-0.013495826721191406,nan,nan
-0.5226184692382813,-1.3460521240234375,-0.661591796875,-0.014094713211059571,nan,nan
-0.52251416015625,-1.344108154296875,-0.6642900390625,-0.014683222770690918,nan,nan
-0.5223793334960938,-1.3421248779296875,-0.667007568359375,-0.015283358573913575,nan,nan
-0.522203125,-1.3402918701171875,-0.6697410278320313,-0.015865480422973633,nan,nan
-0.5220029907226562,-1.3385113525390624,-0.6724996337890625,-0.016462207794189453,nan,nan
-0.5218388671875,-1.336728271484375,-0.6752052612304688,-0.01703491973876953,nan,nan
-0.5217489013671875,-1.33471240234375,-0.6778722534179688,-0.017607269287109376,nan,nan
-0.5214108276367188,-1.333126220703125,-0.680570556640625,-0.018197959899902343,nan,nan
-0.521148193359375,-1.3315230712890624,-0.6831410522460938,-0.018756591796875,nan,nan
-0.5208661499023437,-1.3298731689453125,-0.6857835083007813,-0.019335037231445314,nan,nan
-0.5206049194335938,-1.3281578369140625,-0.688366943359375,-0.019911218643188476,nan,nan
-0.5202747802734375,-1.326591552734375,-0.690932861328125,-0.02047163200378418,nan,nan
-0.5200192260742188,-1.3249725341796874,-0.6934666748046875,-0.02106599426269531,nan,nan
-0.51954443359375,-1.3236068115234374,-0.6959578857421875,-0.021610855102539062,nan,nan
-0.5193237915039063,-1.3218760986328124,-0.6983963012695312,-0.022166763305664063,nan,nan
-0.5187972412109375,-1.320609619140625,-0.7008431396484375,-0.02268431854248047,nan,nan
-0.5183756103515625,-1.3193167724609376,-0.7032394409179688,-0.023194831848144533,nan,nan
-0.517969482421875,-1.3179759521484375,-0.7055350341796875,-0.023719850540161132,nan,nan
-0.5175510864257813,-1.31659228515625,-0.7078825073242188,-0.02428067207336426,nan,nan
-0.5170771484375,-1.3152635498046874,-0.7101193237304687,-0.02473628807067871,nan,nan
-0.5166261596679688,-1.3140379638671875,-0.71237890625,-0.02525156593322754,nan,nan
-0.5161143798828125,-1.3129268798828124,-0.71457763671875,-0.0257723331451416,nan,nan
-0.5156237182617187,-1.3116993408203126,-0.7166572265625,-0.026206405639648437,nan,nan
-0.5150718994140625,-1.3106092529296876,-0.7187039794921875,-0.026672389984130858,nan,nan
-0.5145347900390626,-1.3095565185546876,-0.7207096557617187,-0.027134031295776368,nan,nan
-0.5139544067382813,-1.3084072265625,-0.7227230224609374,-0.027531951904296876,nan,nan
-0.5134190673828125,-1.3073614501953126,-0.7245694580078125,-0.027950193405151365,nan,nan
-0.512818359375,-1.306470458984375,-0.7264441528320312,-0.028368282318115234,nan,nan
-0.5123182983398438,-1.305388916015625,-0.728285888671875,-0.028822555541992187,nan,nan
-0.5116063232421875,-1.3045751953125,-0.7300304565429687,-0.029245134353637695,nan,nan
-0.5109801025390625,-1.303645263671875,-0.7317359619140625,-0.029724981307983397,nan,nan
-0.5103636169433594,-1.3029027099609376,-0.7335052490234375,-0.03020025634765625,nan,nan
-0.509703857421875,-1.3020164794921876,-0.7350972290039063,-0.030713117599487305,nan,nan
-0.5090669250488281,-1.301181884765625,-0.7365502319335937,-0.031222074508666993,nan,nan
-0.5083628540039062,-1.3005008544921874,-0.7379824829101562,-0.03175845527648926,nan,nan
-0.5076895141601563,-1.29975634765625,-0.73932373046875,-0.032379474639892575,nan,nan
-0.5070050354003907,-1.2989656982421875,-0.7409652099609375,-0.03272781753540039,nan,nan
-0.5062537231445312,-1.2983402099609376,-0.7421473999023438,-0.03353718566894531,nan,nan
-0.5056596984863281,-1.29749853515625,-0.7432095336914063,-0.03430322265625,nan,nan
-0.5048382873535157,-1.2969532470703125,-0.7446677856445313,-0.03471059799194336,nan,nan
-0.5040903930664062,-1.2962957763671874,-0.7457874755859375,-0.03549034881591797,nan,nan
-0.5033643798828125,-1.295823974609375,-0.746865478515625,-0.03624328231811524,nan,nan
-0.5026359252929687,-1.29523583984375,-0.7479097290039063,-0.037162891387939455,nan,nan
-0.5019064025878907,-1.2945762939453125,-0.7489030151367188,-0.03810327911376953,nan,nan
-0.5011240234375,-1.2941357421875,-0.7498458862304688,-0.03909072113037109,nan,nan
-0.5003610229492188,-1.293630859375,-0.7506865234375,-0.04017380142211914,nan,nan
-0.4996332092285156,-1.292990478515625,-0.75148291015625,-0.041333686828613284,nan,nan
-0.49883175659179685,-1.292474853515625,-0.7521759033203125,-0.042526226043701175,nan,nan
-0.49804440307617187,-1.2920726318359375,-0.7528351440429687,-0.043804359436035153,nan,nan
-0.49732098388671875,-1.2915108642578126,-0.7534688110351563,-0.045201282501220706,nan,nan
-0.4965214233398437,-1.29105322265625,-0.7540613403320312,-0.04657926559448242,nan,nan
-0.49571829223632813,-1.290710205078125,-0.7546650390625,-0.04808760070800781,nan,nan
-0.4949569396972656,-1.2902945556640626,-0.7552301635742188,-0.04954265213012695,nan,nan
-0.4941978759765625,-1.289784912109375,-0.7557469482421875,-0.05107015991210938,nan,nan
-0.4934122314453125,-1.28946484375,-0.756126708984375,-0.052734649658203125,nan,nan
-0.492667236328125,-1.2890777587890625,-0.7564888916015625,-0.054394542694091795,nan,nan
-0.4919045715332031,-1.288708740234375,-0.756753662109375,-0.05622099685668945,nan,nan
-0.4911412353515625,-1.288243896484375,-0.7570367431640626,-0.05798828887939453,nan,nan
-0.4903735656738281,-1.2878770751953126,-0.7572676391601563,-0.059874275207519534,nan,nan
-0.48963223266601563,-1.2874981689453124,-0.7575711059570313,-0.06179720306396484,nan,nan
-0.48886077880859374,-1.2869539794921876,-0.7577991943359375,-0.06377784729003906,nan,nan
-0.488109375,-1.2864710693359376,-0.7579856567382812,-0.06581990814208985,nan,nan
-0.4873660888671875,-1.2860335693359375,-0.758115478515625,-0.06781477355957032,nan,nan
-0.4866259460449219,-1.2853896484375,-0.758224609375,-0.06997563171386718,nan,nan
-0.4859266357421875,-1.2848038330078124,-0.7582150268554687,-0.0720782241821289,nan,nan
-0.48521905517578123,-1.284529296875,-0.7582479858398438,-0.07428462219238281,nan,nan
-0.4844620361328125,-1.2836285400390626,-0.7579694213867187,-0.07680025482177734,nan,nan
-0.483824462890625,-1.28309130859375,-0.758227783203125,-0.07873287200927734,nan,nan
-0.48305487060546876,-1.28215478515625,-0.7581754760742188,-0.08102518463134765,nan,nan
-0.48242501831054685,-1.281632080078125,-0.7581522827148437,-0.08328853607177734,nan,nan
-0.4817943115234375,-1.2807042236328126,-0.758070068359375,-0.0856573257446289,nan,nan
-0.48107562255859376,-1.2794586181640626,-0.7579220581054688,-0.0879567413330078,nan,nan
-0.48043423461914064,-1.2788084716796875,-0.7578411865234375,-0.09023867797851562,nan,nan
-0.4797548828125,-1.2773997802734376,-0.7577183227539063,-0.09264405059814453,nan,nan
-0.47918121337890623,-1.2765286865234375,-0.7575708618164062,-0.09505884552001953,nan,nan
-0.47851666259765624,-1.2750487060546876,-0.757389892578125,-0.09741655731201172,nan,nan
-0.47790625,-1.2739739990234376,-0.7571822509765626,-0.09985421752929688,nan,nan
-0.47728427124023437,-1.272181640625,-0.7567705688476563,-0.10246165466308593,nan,nan
-0.4767503967285156,-1.270947265625,-0.7565227661132813,-0.10486310577392578,nan,nan
-0.4761652526855469,-1.2694073486328126,-0.7566116943359374,-0.10700740814208984,nan,nan
-0.47559567260742186,-1.2677457275390625,-0.7564723510742187,-0.10943073272705078,nan,nan
-0.4750399169921875,-1.2660113525390626,-0.7560928955078124,-0.11200347137451172,nan,nan
-0.4744882507324219,-1.263864013671875,-0.75616552734375,-0.11414019775390626,nan,nan
-0.47396670532226565,-1.2622205810546876,-0.75601416015625,-0.11653032684326171,nan,nan
-0.4734312744140625,-1.2602877197265625,-0.7558093872070313,-0.11883082580566406,nan,nan
-0.4729142761230469,-1.2579342041015624,-0.7553909301757813,-0.12135170745849609,nan,nan
-0.4724313354492187,-1.2560816650390625,-0.755192626953125,-0.12366480255126953,nan,nan
-0.4720236511230469,-1.2534581298828125,-0.7549373779296875,-0.12599008178710938,nan,nan
-0.4714851379394531,-1.251661376953125,-0.7547782592773438,-0.12820643615722657,nan,nan
-0.47095184326171874,-1.2494384765625,-0.7545860595703126,-0.1304853210449219,nan,nan
-0.47050909423828124,-1.246691650390625,-0.7545482177734375,-0.13269227600097655,nan,nan
-0.4700677185058594,-1.2442603759765625,-0.7543992919921875,-0.13488011169433595,nan,nan
-0.46959765625,-1.2418319091796874,-0.7542999267578125,-0.13696383666992187,nan,nan
-0.4692239990234375,-1.23915966796875,-0.7542236328125,-0.1390591583251953,nan,nan
-0.46879693603515626,-1.2366533203125,-0.754141357421875,-0.1410784149169922,nan,nan
-0.46837750244140625,-1.234001220703125,-0.7540183715820312,-0.14306797790527342,nan,nan
-0.46802813720703124,-1.231214599609375,-0.753854248046875,-0.1450065155029297,nan,nan
-0.46760409545898435,-1.228574951171875,-0.753749267578125,-0.14695829772949218,nan,nan
-0.4672606201171875,-1.225829345703125,-0.7536002197265625,-0.14882867431640626,nan,nan
-0.46690853881835936,-1.22292626953125,-0.7535281372070313,-0.15066465759277345,nan,nan
-0.46653591918945314,-1.2201912841796876,-0.753459716796875,-0.1524220733642578,nan,nan
-0.46625628662109375,-1.2173306884765625,-0.7534605712890625,-0.15415330505371094,nan,nan
-0.46589422607421876,-1.21443212890625,-0.7534833984375,-0.15579505920410155,nan,nan
-0.46559432983398436,-1.2116513671875,-0.7534840087890625,-0.1573597412109375,nan,nan
-0.46530804443359375,-1.2086719970703126,-0.753431640625,-0.15887440490722657,nan,nan
-0.464974853515625,-1.205873046875,-0.7533901977539063,-0.16028623962402344,nan,nan
-0.4647060546875,-1.202979248046875,-0.7532914428710937,-0.1616876983642578,nan,nan
-0.46444927978515627,-1.1999912109375,-0.7532745361328125,-0.163057861328125,nan,nan
-0.464176513671875,-1.1971971435546875,-0.753215576171875,-0.16436601257324218,nan,nan
-0.4639346313476562,-1.1941953125,-0.7532401733398437,-0.16554737854003906,nan,nan
-0.46374273681640626,-1.1913636474609375,-0.7532705688476562,-0.16670599365234376,nan,nan
-0.4634659729003906,-1.1885989990234376,-0.7533380737304688,-0.16777394104003907,nan,nan
-0.4633118896484375,-1.1856922607421876,-0.7534043579101563,-0.1687603759765625,nan,nan
-0.46316278076171874,-1.18281884765625,-0.753471435546875,-0.16966786193847655,nan,nan
-0.4628657531738281,-1.1801983642578124,-0.7535087280273437,-0.17059855651855468,nan,nan
-0.46269482421875,-1.1774588623046875,-0.7535299072265625,-0.17136502075195312,nan,nan
-0.4625262756347656,-1.174787841796875,-0.7535756225585938,-0.17211318969726563,nan,nan
-0.4623177185058594,-1.172120361328125,-0.7536124267578125,-0.1728256072998047,nan,nan
-0.46217807006835937,-1.1694990234375,-0.7537471923828125,-0.17345323181152345,nan,nan
-0.4621485290527344,-1.166643310546875,-0.7538340454101562,-0.17401870727539062,nan,nan
-0.46188671875,-1.164384521484375,-0.7539303588867188,-0.17448031616210938,nan,nan
-0.4617638244628906,-1.1618935546875,-0.7540287475585937,-0.17489743041992187,nan,nan
-0.46176058959960936,-1.159184326171875,-0.7541529541015625,-0.1752667541503906,nan,nan
-0.4616658935546875,-1.156820556640625,-0.75431884765625,-0.17557958984375,nan,nan
-0.46155032348632813,-1.154599365234375,-0.75452880859375,-0.17584040832519532,nan,nan
-0.4614517517089844,-1.1523001708984375,-0.7547151489257813,-0.1760163269042969,nan,nan
-0.46126641845703126,-1.1502496337890624,-0.7549411010742187,-0.1761290283203125,nan,nan
-0.461239501953125,-1.14802490234375,-0.7550887451171875,-0.17621139526367188,nan,nan
-0.46120159912109376,-1.14595947265625,-0.755252197265625,-0.17626412963867188,nan,nan
-0.461126953125,-1.1439591064453125,-0.7554141235351562,-0.1762937774658203,nan,nan
-0.4610592346191406,-1.141890380859375,-0.7555885620117188,-0.17628834533691407,nan,nan
-0.46095220947265625,-1.139982421875,-0.7558582763671875,-0.1762406463623047,nan,nan
-0.4608022766113281,-1.1382841796875,-0.756117431640625,-0.17614706420898438,nan,nan
-0.4608492126464844,-1.1362730712890625,-0.7564510498046875,-0.17601664733886718,nan,nan
-0.4606996154785156,-1.134493896484375,-0.7569615478515626,-0.17567144775390625,nan,nan
-0.4606329040527344,-1.1328258056640625,-0.7572551879882813,-0.17544760131835938,nan,nan
-0.46061328125,-1.131072509765625,-0.7573430786132812,-0.17536151123046875,nan,nan
-0.4605499267578125,-1.129470458984375,-0.7575868530273437,-0.17507914733886717,nan,nan
-0.4605207824707031,-1.1278548583984376,-0.7578466186523437,-0.17481777954101563,nan,nan
-0.4604919738769531,-1.1263109130859374,-0.7581585083007812,-0.17450897216796876,nan,nan
-0.4604523315429688,-1.1247821044921875,-0.7584716186523438,-0.1741747741699219,nan,nan
